seed,epoch,temperature,Z,E,S,F,F_check,err,delta_F
7,1,1.0,280.34328107952024,-0.09628742228637291,5.5397274338092775,-5.636014856095651,-5.636014856095651,0.0,-0.02388304388619389
7,2,1.0,287.1193261710631,-0.11975231778148517,5.54014558220036,-5.659897899981845,-5.659897899981845,0.0,-0.002779493520836951
7,3,1.0,287.918482588409,-0.12438963201588088,5.538287761486801,-5.6626773935026815,-5.662677393502682,8.881784197001252e-16,0.022399498692754705
7,4,1.0,281.54094637299215,-0.10393814461723025,5.536339750192696,-5.640277894809927,-5.640277894809927,0.0,0.07936598290632269
7,5,1.0,260.0598799252365,-0.022240059299596097,5.538671852604008,-5.560911911903604,-5.560911911903604,0.0,0.12043333699052283
7,6,1.0,230.55249370231382,0.09423132193946865,5.534709896852551,-5.440478574913081,-5.440478574913082,8.881784197001252e-16,0.052047362738636416
7,7,1.0,218.85977155058185,0.14686260951235092,5.535293821686796,-5.388431212174445,-5.388431212174445,0.0,0.04745207197886003
7,8,1.0,208.71697344984705,0.19284421608427332,5.533823356279857,-5.340979140195585,-5.340979140195584,8.881784197001252e-16,0.019867915802964653
7,9,1.0,204.61112458346818,0.20668682876993544,5.527798053162556,-5.32111122439262,-5.32111122439262,0.0,0.04374151354843736
7,10,1.0,195.85404448769003,0.24643195871818094,5.523801669562364,-5.277369710844183,-5.277369710844184,8.881784197001252e-16,-0.08741664691455853
7,11,1.0,213.74556472109145,0.1661262917452945,5.530912649504036,-5.364786357758741,-5.364786357758741,0.0,0.06862378346594156
7,12,1.0,199.56950552859917,0.23039330856376306,5.526555882856562,-5.2961625742928,-5.296162574292799,8.881784197001252e-16,0.08004724071760005
7,13,1.0,184.21717003688056,0.2982526713838025,5.514368004959002,-5.2161153335752,-5.2161153335752,0.0,0.039998850033855504
7,14,1.0,176.99411501908574,0.3317691019301552,5.5078855854715,-5.176116483541344,-5.176116483541344,0.0,0.007748934916519623
7,15,1.0,175.62789933570988,0.34206826992251416,5.5104358185473385,-5.168367548624825,-5.168367548624825,0.0,-0.021149677476572926
7,16,1.0,179.38193110991668,0.3217134728549854,5.511230698956382,-5.1895172261013975,-5.189517226101397,8.881784197001252e-16,0.0008693363032312718
7,17,1.0,179.2260556489745,0.32055885716990107,5.509206746968069,-5.188647889798166,-5.188647889798167,8.881784197001252e-16,-0.0018492159512026873
7,18,1.0,179.5577899596079,0.3154682608452545,5.505965366594624,-5.190497105749369,-5.190497105749369,0.0,-0.013203352588185169
7,19,1.0,181.94427490220684,0.3078359091051375,5.511536367442693,-5.203700458337554,-5.203700458337555,8.881784197001252e-16,-0.004061936171941838
7,20,1.0,182.6848239469728,0.3007448745948578,5.508507269104354,-5.207762394509496,-5.207762394509496,0.0,-0.05845325906145504
7,21,1.0,193.68161548021885,0.25131014368816895,5.51752579725912,-5.266215653570951,-5.266215653570951,0.0,-0.10689395196142559
7,22,1.0,215.53204636806194,0.15220130435282975,5.5253109098852065,-5.373109605532377,-5.373109605532377,0.0,0.004289202302300232
7,23,1.0,214.60956558616647,0.1590971356172752,5.527917538847351,-5.368820403230076,-5.368820403230076,0.0,-0.13142670459165728
7,24,1.0,244.75240502593655,0.03712694695189027,5.537374054773624,-5.500247107821734,-5.500247107821734,0.0,0.0443873415281546
7,25,1.0,234.12607827203652,0.07808537358015716,5.533945139873737,-5.455859766293579,-5.45585976629358,8.881784197001252e-16,-0.024446880216244082
7,26,1.0,239.92026680775945,0.05391455738347085,5.534221203893294,-5.480306646509823,-5.480306646509823,0.0,-0.04722281054437616
7,27,1.0,251.52174752008636,0.007042036068142785,5.534571493122343,-5.527529457054199,-5.5275294570542,8.881784197001252e-16,0.09439227567141195
7,28,1.0,228.86611487604776,0.09824288778970365,5.53138006917249,-5.433137181382787,-5.4331371813827865,8.881784197001252e-16,-0.02560510684092332
7,29,1.0,234.80192543123627,0.07231961909843117,5.531061907322141,-5.458742288223711,-5.45874228822371,8.881784197001252e-16,-0.0725309252896773
7,30,1.0,252.4651485169095,-0.0002008418194089992,5.5310723716939805,-5.531273213513388,-5.53127321351339,1.7763568394002505e-15,-0.014484156581942464
7,31,1.0,256.1485040141155,-0.009474075749671603,5.536283294345658,-5.54575737009533,-5.5457573700953295,8.881784197001252e-16,0.01912484337666598
7,32,1.0,251.29625117706163,0.004865708675370808,5.531498235394036,-5.5266325267186645,-5.526632526718665,8.881784197001252e-16,-0.022733128272462544
7,33,1.0,257.07443029052115,-0.016990232258985962,5.53237542273214,-5.549365654991127,-5.549365654991126,8.881784197001252e-16,0.05417013439171381
7,34,1.0,243.51913451346007,0.03923691372307401,5.534432434322488,-5.495195520599413,-5.495195520599414,8.881784197001252e-16,-0.022473048940017115
7,35,1.0,249.05370838712423,0.017817157774656606,5.535485727314088,-5.51766856953943,-5.517668569539431,8.881784197001252e-16,0.027263755791164357
7,36,1.0,242.35529575843495,0.04664980851635302,5.537054622264619,-5.490404813748266,-5.490404813748266,0.0,-0.10156252268194166
7,37,1.0,268.26286421557774,-0.058559959348023854,5.533407377082184,-5.591967336430208,-5.591967336430208,0.0,-0.1107722386854082
7,38,1.0,299.68729322704195,-0.17926967879831446,5.523469896317302,-5.702739575115616,-5.702739575115616,0.0,-0.06322320117820279
7,39,1.0,319.2462588528591,-0.23524786274137244,5.530714913552446,-5.765962776293819,-5.765962776293819,0.0,-0.02180814827729538
7,40,1.0,326.28489950253197,-0.25545874746148345,5.532312177109631,-5.787770924571114,-5.787770924571115,8.881784197001252e-16,0.10842139312391019
7,41,1.0,292.75893749221075,-0.14143478029531156,5.537914751151895,-5.679349531447204,-5.6793495314472064,2.6645352591003757e-15,0.026386797347376145
7,42,1.0,285.13499480301584,-0.11391175393396148,5.539050980165866,-5.652962734099828,-5.652962734099828,0.0,0.09853411248110344
7,43,1.0,258.3792899951032,-0.0163559865445661,5.538072635074158,-5.554428621618724,-5.554428621618724,0.0,0.0750743785044845
7,44,1.0,239.69187470895173,0.05821502322733431,5.537569266341574,-5.47935424311424,-5.47935424311424,0.0,-0.006441341898153041
7,45,1.0,241.24079523198898,0.045777791676049645,5.531573376688442,-5.485795585012393,-5.485795585012393,0.0,-0.041001280082427094
7,46,1.0,251.33755218849166,0.010387848401922948,5.5371847134967425,-5.52679686509482,-5.52679686509482,0.0,0.019951639385126896
7,47,1.0,246.37264965205472,0.026747705393000268,5.533592931102694,-5.506845225709693,-5.506845225709694,8.881784197001252e-16,0.00882261449292887
7,48,1.0,244.20855924770507,0.04098502684193802,5.5390076380587026,-5.498022611216764,-5.498022611216765,8.881784197001252e-16,-0.07228792756481894
7,49,1.0,262.5156078608418,-0.03113447761485515,5.539176061166728,-5.570310538781583,-5.570310538781583,0.0,-0.07926080929201706
7,50,1.0,284.1696298539136,-0.11604409610994701,5.533527251963653,-5.6495713480736,-5.6495713480736,0.0,-0.0012876507429160355
7,51,1.0,284.53577677299455,-0.1188466700220199,5.532012328794497,-5.650858998816516,-5.650858998816517,8.881784197001252e-16,0.006622523861231855
7,52,1.0,282.65765761060464,-0.10722698002880694,5.537009494926477,-5.644236474955284,-5.644236474955284,0.0,-0.18296198482040538
7,53,1.0,339.40648496946017,-0.29897024996638066,5.528228209809308,-5.82719845977569,-5.827198459775689,8.881784197001252e-16,0.0849157475320359
7,54,1.0,311.77529258128385,-0.2071419308196109,5.535140781424043,-5.742282712243654,-5.742282712243654,0.0,-0.00319951252362749
7,55,1.0,312.7744190409375,-0.21263546669163758,5.532846758075642,-5.745482224767281,-5.74548222476728,8.881784197001252e-16,0.027497559802192484
7,56,1.0,304.2910561647552,-0.18278627212831125,5.5351983928367785,-5.717984664965089,-5.71798466496509,8.881784197001252e-16,-0.027930289237129813
7,57,1.0,312.9097950270265,-0.21331033961009116,5.5326046145921275,-5.7459149542022185,-5.7459149542022185,0.0,0.030185342158194572
7,58,1.0,303.60563684857414,-0.17884098804620002,5.5368886239978234,-5.715729612044024,-5.715729612044023,8.881784197001252e-16,0.10567001275024701
7,59,1.0,273.16051769356517,-0.06923732677619716,5.5408222725175795,-5.610059599293777,-5.610059599293777,0.0,0.04883196539000245
7,60,1.0,260.14199951348877,-0.020942998738356186,5.540284635165419,-5.5612276339037745,-5.5612276339037745,0.0,-0.026008955846761772
7,61,1.0,266.99677768997117,-0.04946177207014461,5.537774817680393,-5.587236589750536,-5.587236589750538,1.7763568394002505e-15,0.01791641361162366
7,62,1.0,262.2557509072475,-0.037249758110036064,5.532070418028877,-5.569320176138913,-5.5693201761389135,8.881784197001252e-16,-0.17906245080592242
7,63,1.0,313.68290750108565,-0.22329716758479756,5.525085459360038,-5.748382626944835,-5.748382626944835,0.0,0.008144120459278703
7,64,1.0,311.13861070904403,-0.2095396775944438,5.530698828891111,-5.740238506485556,-5.7402385064855554,8.881784197001252e-16,0.17562197898147502
7,65,1.0,261.0250885730819,-0.03350093504808153,5.531115592455999,-5.564616527504081,-5.56461652750408,8.881784197001252e-16,-0.12838476130472642
7,66,1.0,296.7830168525385,-0.1667560093944379,5.52624527941437,-5.693001288808808,-5.693001288808808,0.0,0.07481689547355241
7,67,1.0,275.3889310814567,-0.09103269311666448,5.5271517002185915,-5.618184393335255,-5.618184393335256,8.881784197001252e-16,-0.009166676923270778
7,68,1.0,277.924938061321,-0.10602203840676724,5.521329031851759,-5.627351070258526,-5.627351070258526,0.0,-0.03802806573519124
7,69,1.0,288.69741595164226,-0.13674923020391275,5.528629905789806,-5.665379135993717,-5.665379135993719,1.7763568394002505e-15,-0.016331124702657185
7,70,1.0,293.4508785002416,-0.14929613319574192,5.532414127500633,-5.6817102606963745,-5.681710260696375,8.881784197001252e-16,0.02970699446097047
7,71,1.0,284.86154814109943,-0.11611013925283137,5.535893126982572,-5.652003266235404,-5.652003266235403,8.881784197001252e-16,0.09740633090696083
7,72,1.0,258.42278243200093,-0.0200608402852392,5.5345360950432045,-5.554596935328443,-5.554596935328444,8.881784197001252e-16,0.04383360359635713
7,73,1.0,247.33985738829256,0.018172937940552046,5.528936269672638,-5.510763331732086,-5.510763331732086,0.0,-0.15082801314518335
7,74,1.0,287.6059588548672,-0.13742925704668252,5.524162087830586,-5.6615913448772694,-5.661591344877269,8.881784197001252e-16,0.07464515287531359
7,75,1.0,266.9192536837949,-0.062285835207518264,5.524660356794438,-5.586946192001956,-5.586946192001957,8.881784197001252e-16,-0.0016485066348952415
7,76,1.0,267.35963473028175,-0.06564918980760409,5.522945508829247,-5.588594698636851,-5.588594698636851,0.0,0.112408860982109
7,77,1.0,238.93363550346294,0.0380815428815309,5.514267380536274,-5.476185837654742,-5.476185837654743,8.881784197001252e-16,0.02095436122539862
7,78,1.0,233.97902543084723,0.056716460087452555,5.511947936516796,-5.4552314764293435,-5.4552314764293435,0.0,-0.01502879286762493
7,79,1.0,237.52200440208193,0.04751822147304295,5.517778490770011,-5.470260269296968,-5.470260269296968,0.0,-0.033394739355199654
7,80,1.0,245.5879198174269,0.02378045811531171,5.52743546676748,-5.503655008652168,-5.503655008652169,8.881784197001252e-16,-0.025925476382954393
7,81,1.0,252.03815506419045,-0.0044027122623190775,5.525177772772803,-5.5295804850351225,-5.5295804850351225,0.0,-0.05742463215085625
7,82,1.0,266.93498241334214,-0.05242438221405451,5.534580734971925,-5.587005117185979,-5.58700511718598,8.881784197001252e-16,-0.020469611196353377
7,83,1.0,272.4553448003114,-0.07027483348966962,5.537199894892662,-5.607474728382332,-5.607474728382332,0.0,-0.005856944587045554
7,84,1.0,274.0557829208549,-0.08079925712920458,5.532532415840174,-5.613331672969378,-5.6133316729693785,8.881784197001252e-16,0.0460279808432249
7,85,1.0,261.72744921326387,-0.037421463743187305,5.529882228382965,-5.567303692126153,-5.567303692126152,8.881784197001252e-16,0.02836066037409779
7,86,1.0,254.4089551103911,-0.0071901010149706766,5.531752930737084,-5.538943031752055,-5.538943031752055,0.0,0.02485158763185069
7,87,1.0,248.16440356183054,0.01798811157410659,5.53207955569431,-5.514091444120204,-5.514091444120203,8.881784197001252e-16,0.03116741458370953
7,88,1.0,240.5490525694785,0.037342329283110695,5.5202663588196055,-5.482924029536495,-5.482924029536495,0.0,-0.11358123299214995
7,89,1.0,269.48298758938415,-0.07253060361074148,5.523974658917904,-5.596505262528645,-5.5965052625286456,8.881784197001252e-16,-0.03991025729574105
7,90,1.0,280.4556269688019,-0.10719652796013933,5.529218991864246,-5.636415519824386,-5.636415519824386,0.0,0.09776038897695027
7,91,1.0,254.33572108464836,-0.009727147864524303,5.5289279829829105,-5.538655130847435,-5.5386551308474345,8.881784197001252e-16,0.06667798849387374
7,92,1.0,237.93014979844907,0.05209483677094921,5.5240719791245105,-5.471977142353562,-5.471977142353562,0.0,0.01960612609483814
7,93,1.0,233.31069407116286,0.06783547776602052,5.520206494024745,-5.452371016258724,-5.4523710162587244,8.881784197001252e-16,-0.03575057595564424
7,94,1.0,241.80257615906586,0.03962023527961935,5.527741827493987,-5.488121592214368,-5.488121592214368,0.0,0.1005128382147209
7,95,1.0,218.6798425445192,0.14159679664281308,5.529205550642461,-5.387608753999647,-5.387608753999648,8.881784197001252e-16,0.09187838921685909
7,96,1.0,199.48326832801297,0.22928376744963336,5.525014132232419,-5.295730364782788,-5.295730364782786,1.7763568394002505e-15,-0.03536690679186005
7,97,1.0,206.66461699891238,0.1999251720202564,5.531022443594904,-5.331097271574648,-5.331097271574648,0.0,-0.0679357367743938
7,98,1.0,221.19242153045545,0.13468606810852332,5.533719076457565,-5.399033008349042,-5.399033008349042,0.0,0.07022850242963496
7,99,1.0,206.19132624263094,0.20220504334809156,5.531009549267498,-5.328804505919407,-5.328804505919407,0.0,0.08391456172023037
7,100,1.0,189.59494805742347,0.27738370299777354,5.52227364719695,-5.244889944199176,-5.244889944199176,0.0,-0.10346563697973821
7,101,1.0,210.26225421611008,0.18353165782094652,5.53188723899986,-5.3483555811789145,-5.348355581178914,8.881784197001252e-16,0.025753280065315742
7,102,1.0,204.91644303823998,0.20934765085507334,5.531949951968673,-5.322602301113599,-5.3226023011136,8.881784197001252e-16,0.0010661796651669775
7,103,1.0,204.69808172049758,0.20891445630732974,5.5304505777557615,-5.321536121448432,-5.321536121448432,0.0,0.043232893657773275
7,104,1.0,196.03696292270078,0.24807273319574752,5.526375960986407,-5.2783032277906585,-5.278303227790659,8.881784197001252e-16,0.06550210390309097
7,105,1.0,183.6076463099531,0.30827721225463056,5.521078336142199,-5.212801123887568,-5.2128011238875684,8.881784197001252e-16,-0.12711847749065353
7,106,1.0,208.49594682845427,0.1906266050469894,5.53054620642521,-5.339919601378221,-5.339919601378221,0.0,-0.002952320807027675
7,107,1.0,209.11240329131488,0.18472749217424111,5.527599414359489,-5.342871922185249,-5.342871922185248,8.881784197001252e-16,0.004192209880328868
7,108,1.0,208.23759517894533,0.1906066785316351,5.529286390836555,-5.33867971230492,-5.33867971230492,0.0,0.00011372858601621516
7,109,1.0,208.2139139583316,0.1894412827968053,5.52800726651571,-5.338565983718904,-5.338565983718905,8.881784197001252e-16,0.02604575181426938
7,110,1.0,202.86084105053683,0.21711573548976046,5.529635967394395,-5.312520231904634,-5.312520231904634,0.0,-0.04506862286225477
7,111,1.0,212.21265356341598,0.17462098158839928,5.532209836355288,-5.357588854766889,-5.357588854766889,0.0,0.04390816022309263
7,112,1.0,203.09639012404074,0.21556105986258553,5.5292417544063825,-5.313680694543796,-5.313680694543797,8.881784197001252e-16,-0.06554053331584431
7,113,1.0,216.85333031641966,0.1542178885265677,5.533439116386209,-5.379221227859641,-5.379221227859641,0.0,-0.020923935220768186
7,114,1.0,221.43855857447187,0.1348953283590813,5.53504049143949,-5.400145163080409,-5.400145163080409,0.0,-0.09209602587168764
7,115,1.0,242.80075990855693,0.04500667903304981,5.537247867985146,-5.492241188952097,-5.492241188952096,8.881784197001252e-16,-0.07106727057200324
7,116,1.0,260.6838732278342,-0.02609300419124819,5.537215455332852,-5.5633084595241,-5.563308459524101,8.881784197001252e-16,-0.025865453521818793
7,117,1.0,267.5145381399334,-0.05379629616710102,5.535377616878818,-5.589173913045919,-5.589173913045919,0.0,0.09811903962775759
7,118,1.0,242.51289238004705,0.044385663113558044,5.535440536531718,-5.491054873418161,-5.49105487341816,8.881784197001252e-16,-0.07304022606298588
7,119,1.0,260.88901825573225,-0.02858544119356179,5.535509658287584,-5.564095099481147,-5.564095099481146,8.881784197001252e-16,0.022456602588351693
7,120,1.0,255.09563061957695,-0.007526353554159149,5.5341121433386355,-5.541638496892795,-5.541638496892794,8.881784197001252e-16,-0.004031265508500859
7,121,1.0,256.1260644173035,-0.014222572615978996,5.531447189785316,-5.545669762401296,-5.545669762401295,8.881784197001252e-16,-0.12041674798372082
7,122,1.0,288.9017053565492,-0.13477879322843966,5.531307717156576,-5.666086510385017,-5.666086510385016,8.881784197001252e-16,0.003875281538302744
7,123,1.0,287.7842964468748,-0.12918756712696558,5.5330236617197475,-5.662211228846714,-5.662211228846713,8.881784197001252e-16,0.02649486329870321
7,124,1.0,280.2596137475988,-0.10236791240793167,5.53334845314008,-5.635716365548011,-5.635716365548012,8.881784197001252e-16,0.0039162842887474625
7,125,1.0,279.16418383306655,-0.09687767440847621,5.534922406850787,-5.6318000812592635,-5.631800081259263,8.881784197001252e-16,-0.07754361363240392
7,126,1.0,301.67301375782563,-0.17936813919180608,5.5299755556998615,-5.709343694891667,-5.709343694891667,0.0,0.05051232719977339
7,127,1.0,286.813267378437,-0.12819698093584272,5.53063438675605,-5.658831367691894,-5.658831367691893,8.881784197001252e-16,0.0786304231048387
7,128,1.0,265.12487584257724,-0.04625639834635906,5.533944546240695,-5.580200944587055,-5.580200944587054,8.881784197001252e-16,0.07387087469766218
7,129,1.0,246.24576203387747,0.027964478837932655,5.534294548727327,-5.506330069889393,-5.506330069889394,8.881784197001252e-16,0.0510346318418371
7,130,1.0,233.99399158656615,0.07752235945889943,5.532817797506456,-5.455295438047556,-5.455295438047557,8.881784197001252e-16,0.028084425394564683
7,131,1.0,227.51382656474726,0.10779139795822154,5.535002410611213,-5.427211012652991,-5.427211012652991,0.0,-0.02789770257609092
7,132,1.0,233.95030364784566,0.07649521372694634,5.531603928956028,-5.455108715229082,-5.455108715229082,0.0,-0.02183445312501764
7,133,1.0,239.11465581820755,0.05650026471969615,5.5334434330737965,-5.4769431683541,-5.476943168354101,8.881784197001252e-16,-0.07068861684468608
7,134,1.0,256.6290829002217,-0.013622151016583565,5.534009634182203,-5.547631785198786,-5.547631785198787,8.881784197001252e-16,0.0507423282608821
7,135,1.0,243.9319900012654,0.03710962955403731,5.53399908649194,-5.496889456937904,-5.496889456937903,8.881784197001252e-16,-0.024783304910601878
7,136,1.0,250.0529666066953,0.011136007832927633,5.532808769681434,-5.521672761848506,-5.521672761848507,8.881784197001252e-16,0.13927067426035666
7,137,1.0,217.5442085526778,0.1458418799344106,5.52824396752256,-5.382402087588149,-5.382402087588149,0.0,0.019356309209449307
7,138,1.0,213.37384719434044,0.16168501435448795,5.5247307927331875,-5.3630457783787,-5.3630457783787,0.0,-0.02012022733329477
7,139,1.0,217.71045800873003,0.14399616490962686,5.527162170621621,-5.3831660057119946,-5.3831660057119946,0.0,-0.004935800326092199
7,140,1.0,218.78768967158953,0.13503216219009,5.523133968228177,-5.388101806038087,-5.388101806038088,8.881784197001252e-16,0.010502721455756259
7,141,1.0,216.50184829865333,0.1364105191731101,5.514009603755441,-5.3775990845823305,-5.3775990845823305,0.0,-0.0009520639009892307
7,142,1.0,216.70807004547913,0.1354507318809881,5.514001880364308,-5.37855114848332,-5.37855114848332,0.0,0.08937216433013262
7,143,1.0,198.18064914409916,0.22047703920435607,5.509656023357543,-5.289178984153187,-5.289178984153187,0.0,0.00866127204532674
7,144,1.0,196.47156473452804,0.23306595417863712,5.513583666286498,-5.28051771210786,-5.28051771210786,0.0,-0.07296518276331643
7,145,1.0,211.3431033093957,0.17334716898497604,5.526830063856153,-5.353482894871177,-5.353482894871177,0.0,-0.0032435455926540513
7,146,1.0,212.0297172304864,0.16849013510358982,5.52521657556742,-5.356726440463831,-5.35672644046383,8.881784197001252e-16,-0.037115862159252444
7,147,1.0,220.04725145315007,0.12239957223716294,5.516241874860246,-5.393842302623083,-5.393842302623083,0.0,-0.0448189376400272
7,148,1.0,230.13388315980555,0.06355045850323102,5.502211698766342,-5.4386612402631105,-5.4386612402631105,0.0,0.012875216872489936
7,149,1.0,227.1898526893202,0.08318689561691817,5.5089729190075385,-5.4257860233906205,-5.4257860233906205,0.0,0.057719044870007785
7,150,1.0,214.4479343327024,0.1444742942911518,5.512541272811764,-5.368066978520613,-5.368066978520612,8.881784197001252e-16,0.05139868951616222
7,151,1.0,203.70406706829436,0.1971783971271558,5.5138466861316076,-5.3166682890044505,-5.316668289004451,8.881784197001252e-16,0.0250799836492952
7,152,1.0,198.65870564848464,0.22204388189958205,5.513632187254737,-5.291588305355155,-5.291588305355155,0.0,0.0011655337305516156
7,153,1.0,198.42729710960913,0.2246109931973447,5.515033764821948,-5.290422771624604,-5.290422771624603,8.881784197001252e-16,-0.09716348416458853
7,154,1.0,218.6749226947436,0.12483204190423555,5.5124182976934275,-5.387586255789192,-5.387586255789192,0.0,0.036191169594804506
7,155,1.0,210.90231964062357,0.1539130255169628,5.50530811171135,-5.351395086194388,-5.351395086194387,8.881784197001252e-16,0.04286517031586268
7,156,1.0,202.0529750776373,0.19402113402807802,5.502551049906604,-5.308529915878525,-5.308529915878526,8.881784197001252e-16,-0.07069619024753226
7,157,1.0,216.8543881873185,0.13787142852164613,5.517097534647704,-5.379226106126057,-5.379226106126057,0.0,-0.06568003358841779
7,158,1.0,231.5755429454494,0.0746314923777806,5.5195376320922565,-5.444906139714475,-5.444906139714476,8.881784197001252e-16,-0.08494287977710879
7,159,1.0,252.10584508131245,-0.003710753601896207,5.5261382658896885,-5.529849019491584,-5.529849019491585,8.881784197001252e-16,-0.0116007299258305
7,160,1.0,255.04748650699983,-0.007670960091403299,5.533778789326012,-5.541449749417414,-5.541449749417415,8.881784197001252e-16,-0.07794763734853838
7,161,1.0,275.7231787248602,-0.09008765146682059,5.529309735299132,-5.619397386765953,-5.619397386765953,0.0,0.02843434236438558
7,162,1.0,267.9935851994835,-0.05939120797747035,5.5315718364240976,-5.590963044401567,-5.590963044401568,8.881784197001252e-16,0.055562419891003856
7,163,1.0,253.50932934667486,0.00031342554615286164,5.535714050056717,-5.535400624510563,-5.535400624510563,0.0,0.025032298824382515
7,164,1.0,247.24217594288166,0.025576618339785306,5.535944944025966,-5.510368325686181,-5.51036832568618,8.881784197001252e-16,0.07032243216984657
7,165,1.0,230.45275950543703,0.09350142055162527,5.5335473140679605,-5.440045893516334,-5.440045893516335,8.881784197001252e-16,-0.022113399204481077
7,166,1.0,235.60561699321823,0.07246792818903651,5.534627220909853,-5.462159292720815,-5.462159292720816,8.881784197001252e-16,-0.06949566993279443
7,167,1.0,252.56154526880968,0.0043557829131831705,5.536010745566793,-5.53165496265361,-5.53165496265361,0.0,0.06942990435806529
7,168,1.0,235.62111224155058,0.07054025335444478,5.532765311649989,-5.4622250582955445,-5.4622250582955445,0.0,-0.047996614083739786
7,169,1.0,247.2059197187878,0.02125268639361368,5.531474358772898,-5.510221672379284,-5.510221672379284,0.0,0.04618588840057569
7,170,1.0,236.04814394293987,0.06511796728424253,5.529153751262951,-5.464035783978709,-5.464035783978709,0.0,-0.0664632949964643
7,171,1.0,252.26978215542752,0.0019274286371288168,5.532426507612302,-5.530499078975173,-5.530499078975173,0.0,0.03981368439217903
7,172,1.0,242.4233055502955,0.03487288219935211,5.525558276782347,-5.490685394582994,-5.490685394582995,8.881784197001252e-16,-0.08681466253928605
7,173,1.0,264.4097695343585,-0.04628393220301213,5.531216124919268,-5.57750005712228,-5.577500057122281,8.881784197001252e-16,0.11301852732285411
7,174,1.0,236.15338487019972,0.06053197251458098,5.525013502314007,-5.464481529799426,-5.464481529799426,0.0,0.04034659516725636
7,175,1.0,226.81505157760702,0.09626292209986714,5.520397856732037,-5.4241349346321694,-5.42413493463217,8.881784197001252e-16,-0.0833534443653674
7,176,1.0,246.5311559981881,0.019618174461450155,5.527106553458987,-5.507488378997537,-5.507488378997537,0.0,-0.017012983401408555
7,177,1.0,250.76126784405437,0.007069056671589427,5.531570419070535,-5.524501362398945,-5.524501362398945,0.0,0.012054114875761357
7,178,1.0,247.75670775187078,0.009915814969474347,5.5223630624926585,-5.512447247523184,-5.512447247523184,0.0,-0.09172297444395383
7,179,1.0,271.55650030220045,-0.07979006833887843,5.524380153628259,-5.604170221967138,-5.604170221967138,0.0,-0.0495019046904881
7,180,1.0,285.3373392086191,-0.13072025358631081,5.522951873071315,-5.653672126657626,-5.653672126657626,0.0,-0.028519592004984773
7,181,1.0,293.5921967800703,-0.1621354072355175,5.520056311427092,-5.682191718662611,-5.68219171866261,8.881784197001252e-16,0.04783948591962783
7,182,1.0,279.877563057746,-0.11586218980417147,5.5184900429388115,-5.634352232742983,-5.634352232742983,0.0,-0.053536260545103964
7,183,1.0,295.26949842549766,-0.17308050442559558,5.514807988862492,-5.687888493288087,-5.687888493288087,0.0,0.009973632398280863
7,184,1.0,292.3392260100188,-0.15718098823258844,5.5207338726572175,-5.677914860889806,-5.677914860889806,0.0,0.13131317660532726
7,185,1.0,256.3648651561219,-0.020671321202225597,5.525930363082254,-5.546601684284479,-5.54660168428448,8.881784197001252e-16,0.021639517251133
7,186,1.0,250.8768464259328,-0.0005904050877700018,5.524371761945575,-5.524962167033346,-5.524962167033346,0.0,0.005430333416549971
7,187,1.0,249.5181938104169,0.00792168772129815,5.527453521338094,-5.519531833616796,-5.519531833616796,0.0,-0.03573292353041513
7,188,1.0,258.5954204438749,-0.035326181147129515,5.519938576000081,-5.555264757147211,-5.555264757147211,0.0,-0.02967192876755309
7,189,1.0,266.38341638320156,-0.06952845684677532,5.515408229067988,-5.584936685914764,-5.584936685914764,0.0,-0.03875108947084005
7,190,1.0,276.90867962431724,-0.10269454061458519,5.520993234771018,-5.623687775385604,-5.623687775385604,0.0,0.03502283963582098
7,191,1.0,267.37841395863154,-0.06204101335651024,5.5266239223932745,-5.588664935749783,-5.588664935749785,1.7763568394002505e-15,0.04010272503547707
7,192,1.0,256.8679682622611,-0.027059240678141395,5.521502970036163,-5.548562210714306,-5.548562210714305,8.881784197001252e-16,0.014605062680342229
7,193,1.0,253.14365857523617,-0.0194005459803752,5.514556602053589,-5.533957148033964,-5.533957148033964,0.0,-0.04353515492846771
7,194,1.0,264.407719266689,-0.06083966024076766,5.516652642721663,-5.5774923029624315,-5.577492302962431,8.881784197001252e-16,0.0663282825701712
7,195,1.0,247.43898352238986,0.0018321124390366927,5.512996132831297,-5.51116402039226,-5.51116402039226,0.0,-0.08152490605034046
7,196,1.0,268.4565098770767,-0.07311094991831235,5.519577976524287,-5.592688926442601,-5.5926889264426,8.881784197001252e-16,0.020051668128271416
7,197,1.0,263.1271191850992,-0.05579117912248605,5.516846079191843,-5.572637258314329,-5.572637258314329,0.0,-0.09069858110273632
7,198,1.0,288.10812376432216,-0.15894247718785742,5.504393362229209,-5.663335839417066,-5.6633358394170665,8.881784197001252e-16,-0.01733544820101507
7,199,1.0,293.1461492678245,-0.1727881974523152,5.507883090165766,-5.680671287618081,-5.680671287618082,8.881784197001252e-16,-0.01667212010071495
7,200,1.0,298.0744858289973,-0.1857694885957895,5.5115739191230055,-5.697343407718796,-5.697343407718795,8.881784197001252e-16,-0.0015535287124279762
7,201,1.0,298.53791298166385,-0.1880278545943927,5.51086908183683,-5.698896936431224,-5.698896936431223,8.881784197001252e-16,-0.06788094452356486
7,202,1.0,319.50658404817403,-0.2536931837391833,5.513084697215605,-5.7667778809547885,-5.7667778809547885,0.0,-0.09586347791104455
7,203,1.0,351.65175688710525,-0.3657771744813205,5.496864184384512,-5.862641358865833,-5.862641358865832,8.881784197001252e-16,-0.061534741873794374
7,204,1.0,373.97019463129584,-0.43677926836486003,5.487396832374768,-5.924176100739627,-5.924176100739627,0.0,0.08243349893012741
7,205,1.0,344.3789334400754,-0.33359030224405367,5.508152299565446,-5.8417426018095,-5.8417426018095,0.0,0.022118657730570312
7,206,1.0,336.84535711804824,-0.3123031908692247,5.507320753209704,-5.81962394407893,-5.819623944078929,8.881784197001252e-16,0.11809705198090015
7,207,1.0,299.32408780699245,-0.19625791829971684,5.505268973798312,-5.7015268920980295,-5.701526892098029,8.881784197001252e-16,0.040289065034071925
7,208,1.0,287.5043029948348,-0.14675235025458452,5.514485476809373,-5.661237827063958,-5.661237827063958,0.0,0.01795952463522532
7,209,1.0,282.38695252046386,-0.13225161455879253,5.511026687869939,-5.643278302428732,-5.643278302428731,8.881784197001252e-16,0.017381741257092465
7,210,1.0,277.5209875594927,-0.1193143213367264,5.5065822398349145,-5.62589656117164,-5.625896561171641,8.881784197001252e-16,-0.07354033044532216
7,211,1.0,298.69915360335506,-0.19525294628274248,5.504183945334219,-5.699436891616962,-5.699436891616962,0.0,-0.002995756314511766
7,212,1.0,299.59532516447985,-0.18732786933392417,5.51510477859755,-5.702432647931474,-5.702432647931474,0.0,0.06002180339629515
7,213,1.0,282.14209994446725,-0.12022378470930209,5.522187059825876,-5.642410844535179,-5.642410844535179,0.0,-0.013836036799907525
7,214,1.0,286.0729594718662,-0.12934055605360714,5.526906325281479,-5.656246881335086,-5.656246881335086,0.0,-0.045367737180876944
7,215,1.0,299.3503475888384,-0.17414665017076997,5.527467968345193,-5.701614618515963,-5.701614618515963,0.0,0.02434323879682232
7,216,1.0,292.15117173381634,-0.14950802936451912,5.527763350354623,-5.677271379719141,-5.677271379719142,8.881784197001252e-16,-0.04774411575229287
7,217,1.0,306.43801360806094,-0.19846999720492597,5.526545498266507,-5.725015495471434,-5.725015495471433,8.881784197001252e-16,0.0253680842472237
7,218,1.0,298.7620422512716,-0.17217384881385345,5.527473562410356,-5.69964741122421,-5.69964741122421,0.0,0.05172145749083068
7,219,1.0,283.70244321181974,-0.11864313489097897,5.529282818842401,-5.647925953733379,-5.64792595373338,8.881784197001252e-16,0.0018159481374055986
7,220,1.0,283.1877217836494,-0.11737312362566721,5.528736881970305,-5.646110005595974,-5.646110005595972,1.7763568394002505e-15,-0.02552748888600398
7,221,1.0,290.50985340130234,-0.14403616597983654,5.527601328502141,-5.671637494481978,-5.671637494481978,0.0,-0.051863713097986874
7,222,1.0,305.9743293988652,-0.19911056573549868,5.524390641844468,-5.7235012075799645,-5.723501207579966,1.7763568394002505e-15,-0.02925408478967295
7,223,1.0,315.05754112124623,-0.23221962883587297,5.520535663533764,-5.7527552923696375,-5.752755292369637,8.881784197001252e-16,0.10931683766087197
7,224,1.0,282.4321810563914,-0.11499341525064802,5.528445039458118,-5.6434384547087655,-5.643438454708766,8.881784197001252e-16,0.05278334625829739
7,225,1.0,267.91107304481795,-0.05985863655583856,5.530796471894629,-5.590655108450468,-5.590655108450467,8.881784197001252e-16,0.023594113614944234
7,226,1.0,261.6639363779649,-0.03777785745774599,5.529283137377779,-5.567060994835524,-5.567060994835525,8.881784197001252e-16,-0.0006980196349353207
7,227,1.0,261.8466467035901,-0.03900660484132977,5.5287524096291305,-5.567759014470459,-5.56775901447046,8.881784197001252e-16,-0.09764740664555926
7,228,1.0,288.70529320341006,-0.1384488035528254,5.526957617563195,-5.665406421116018,-5.66540642111602,1.7763568394002505e-15,-0.028515351579105896
7,229,1.0,297.0563266065982,-0.17075010147952252,5.523171671215602,-5.693921772695124,-5.693921772695124,0.0,-0.029682772094474785
7,230,1.0,306.00594956602697,-0.205952839986749,5.5176517048028515,-5.723604544789599,-5.723604544789601,1.7763568394002505e-15,-0.07304666329416154
7,231,1.0,329.19530540472863,-0.28024354363966525,5.516407664444095,-5.796651208083761,-5.796651208083761,0.0,-0.11097373994737936
7,232,1.0,367.8314982183153,-0.40168472999287214,5.505940218038266,-5.90762494803114,-5.907624948031138,1.7763568394002505e-15,-0.08199257632751866
7,233,1.0,399.26187277899817,-0.4909397545236372,5.498677769835021,-5.989617524358659,-5.989617524358659,0.0,0.11279124485942571
7,234,1.0,356.6754552953412,-0.3673768004906973,5.509449479008536,-5.876826279499233,-5.876826279499233,0.0,-0.04157527916202586
7,235,1.0,371.8169111030056,-0.42119393680157957,5.497207621859678,-5.918401558661259,-5.918401558661257,1.7763568394002505e-15,0.010535159689036178
7,236,1.0,367.9203222026057,-0.4046852826683069,5.503181116303915,-5.907866398972223,-5.907866398972222,8.881784197001252e-16,0.09877450496025908
7,237,1.0,333.31630166777666,-0.30551633676142076,5.503575557250542,-5.809091894011964,-5.809091894011963,8.881784197001252e-16,0.057033250429095794
7,238,1.0,314.8381331015005,-0.24271887058726818,5.5093397729956,-5.752058643582868,-5.752058643582868,0.0,-0.10006502131775807
7,239,1.0,347.9725735047228,-0.34626144355203925,5.505862221348586,-5.852123664900626,-5.852123664900626,0.0,-0.02652881517863026
7,240,1.0,357.32741133874407,-0.3751862868190726,5.503466193260183,-5.878652480079256,-5.878652480079256,0.0,-0.12618432208935104
7,241,1.0,405.38482541230513,-0.5239277811632158,5.480909021005392,-6.004836802168607,-6.004836802168607,0.0,-0.03661650597299548
7,242,1.0,420.5037124967645,-0.5692157391095833,5.472237569032018,-6.041453308141603,-6.041453308141601,1.7763568394002505e-15,0.03559437042940505
7,243,1.0,405.7993954885023,-0.5255921718668508,5.4802667658453466,-6.005858937712198,-6.005858937712198,0.0,-0.05752319311004772
7,244,1.0,429.82671144463063,-0.5885233491117432,5.474858781710502,-6.063382130822245,-6.063382130822245,0.0,0.11823381830829849
7,245,1.0,381.8959970530566,-0.45545863607896486,5.489689676434981,-5.945148312513947,-5.945148312513946,8.881784197001252e-16,0.11829306272433904
7,246,1.0,339.29001726206104,-0.32297004163990595,5.503885208149702,-5.826855249789608,-5.826855249789608,0.0,0.1245859591894245
7,247,1.0,299.54638806891955,-0.19618730729590714,5.506081983304276,-5.702269290600183,-5.702269290600183,0.0,0.0014102156365050078
7,248,1.0,299.12426078381236,-0.1955141244473979,5.50534495051628,-5.700859074963678,-5.700859074963677,8.881784197001252e-16,0.05716596146818187
7,249,1.0,282.50411405174884,-0.13275306839309697,5.5109400451024,-5.643693113495496,-5.643693113495496,0.0,0.006525792704856315
7,250,1.0,280.6665530574325,-0.12223400860452244,5.514933312186118,-5.63716732079064,-5.63716732079064,0.0,-0.05208246840184039
7,251,1.0,295.6717212944546,-0.1777201230915415,5.511529666100939,-5.6892497891924805,-5.6892497891924805,0.0,-0.050157950017398534
7,252,1.0,310.8802342732715,-0.23045751982305532,5.508950219386824,-5.739407739209879,-5.739407739209879,0.0,0.040323126902565676
7,253,1.0,298.5939466039437,-0.18055023368997947,5.518534378617334,-5.699084612307313,-5.699084612307313,0.0,0.14887318736915045
7,254,1.0,257.2919480898547,-0.029842462831050028,5.520368962107113,-5.550211424938163,-5.550211424938163,0.0,0.07367153215831568
7,255,1.0,239.01824615920725,0.045187602778731586,5.5217274955585784,-5.476539892779847,-5.476539892779847,0.0,-0.1144020261822245
7,256,1.0,267.9879237770143,-0.06592339440965887,5.525018524552412,-5.590941918962072,-5.590941918962071,8.881784197001252e-16,0.025180792533442187
7,257,1.0,261.3240286593566,-0.040044022926652545,5.525717103501977,-5.5657611264286295,-5.5657611264286295,0.0,0.0006140278701165514
7,258,1.0,261.1636176760758,-0.03988555990354695,5.5252615386549655,-5.565147098558513,-5.565147098558512,8.881784197001252e-16,-0.1259320593488482
7,259,1.0,296.21310893909185,-0.17048731224019226,5.520591845667169,-5.691079157907361,-5.691079157907361,0.0,0.07279028251756259
7,260,1.0,275.41770578596856,-0.09671332909280239,5.5215755462969955,-5.618288875389799,-5.618288875389798,8.881784197001252e-16,-0.02596497784814744
7,261,1.0,282.66256975795727,-0.12507912674765598,5.51917472649029,-5.644253853237946,-5.644253853237946,0.0,-0.01368743597657307
7,262,1.0,286.5580946408451,-0.1335220076654505,5.5244192815490685,-5.657941289214519,-5.657941289214519,0.0,0.09972848831266123
7,263,1.0,259.3588958846528,-0.03174227729237018,5.526470523609488,-5.558212800901858,-5.558212800901858,0.0,0.001488835183499404
7,264,1.0,258.9730405440843,-0.030151544905235566,5.526572420813125,-5.5567239657183585,-5.55672396571836,1.7763568394002505e-15,-0.1732333557572021
7,265,1.0,307.9561249839361,-0.20907325801879809,5.520884063456762,-5.729957321475561,-5.729957321475561,0.0,0.022618401631271823
7,266,1.0,301.06883305293354,-0.19009311436339743,5.517245805480891,-5.707338919844289,-5.707338919844288,8.881784197001252e-16,0.027097164275035723
7,267,1.0,293.02026064025915,-0.16014928297918182,5.520092472590072,-5.680241755569253,-5.680241755569254,8.881784197001252e-16,0.024256178198399425
7,268,1.0,285.9982172391427,-0.13619891553014993,5.519786661840703,-5.655985577370854,-5.655985577370853,8.881784197001252e-16,0.07463670763037467
7,269,1.0,265.4293941050023,-0.06035187075207326,5.520996998988405,-5.581348869740479,-5.581348869740478,8.881784197001252e-16,-0.043611405569268236
7,270,1.0,277.26127018628756,-0.1027653477503492,5.522194927559397,-5.624960275309747,-5.624960275309746,8.881784197001252e-16,-0.0018609072080639777
7,271,1.0,277.77770805493606,-0.1071852785516024,5.519635903966209,-5.626821182517811,-5.626821182517811,0.0,-0.05064838570206831
7,272,1.0,292.2090784745669,-0.15969846844596797,5.5177710997739124,-5.6774695682198795,-5.67746956821988,8.881784197001252e-16,-0.05119767877930226
7,273,1.0,307.55909480156663,-0.21278099847686016,5.515886248522323,-5.728667246999182,-5.728667246999183,8.881784197001252e-16,-0.00495665993004657
7,274,1.0,309.08734502231,-0.2214795803428276,5.512144326586401,-5.733623906929228,-5.733623906929228,0.0,-0.05495614648519265
7,275,1.0,326.5490128623144,-0.2812840921936089,5.507295961220811,-5.788580053414421,-5.78858005341442,8.881784197001252e-16,-0.018848164457527794
7,276,1.0,332.76223231339327,-0.29882080902802355,5.5086074088439245,-5.807428217871949,-5.807428217871948,8.881784197001252e-16,0.13913793247097317
7,277,1.0,289.5390817760381,-0.14751004856871605,5.52078023683226,-5.668290285400976,-5.668290285400976,0.0,0.028042982598764254
7,278,1.0,281.53233360193025,-0.1169811786966046,5.523266124105606,-5.640247302802211,-5.64024730280221,8.881784197001252e-16,0.048560997965765296
7,279,1.0,268.1874844678417,-0.06747644723456252,5.524209857601883,-5.591686304836446,-5.591686304836445,8.881784197001252e-16,-0.10214802370351173
7,280,1.0,297.03035190276574,-0.17531978018680455,5.518514548353153,-5.693834328539958,-5.693834328539958,0.0,-0.030871912646459165
7,281,1.0,306.34326099134216,-0.2115606157114934,5.513145625474923,-5.724706241186417,-5.724706241186417,0.0,0.004680291270139136
7,282,1.0,304.91283531679414,-0.20454882711229913,5.515477122803977,-5.720025949916278,-5.720025949916277,8.881784197001252e-16,0.1091619607146086
7,283,1.0,273.3803336542502,-0.08900624400687265,5.521857745194796,-5.610863989201669,-5.610863989201669,0.0,0.12229663128370749
7,284,1.0,241.91038748206824,0.034782373740653585,5.523349731658616,-5.488567357917962,-5.488567357917963,8.881784197001252e-16,-0.14328114328210262
7,285,1.0,279.17770127357574,-0.11089122808321149,5.520957273116853,-5.631848501200064,-5.631848501200064,0.0,-0.12972225659661785
7,286,1.0,317.84719797842456,-0.2497118767627663,5.511858881033916,-5.761570757796682,-5.761570757796682,0.0,0.0025719781908675188
7,287,1.0,317.03075230749613,-0.24661232518918258,5.512386454416632,-5.758998779605815,-5.758998779605815,0.0,0.0810541494986774
7,288,1.0,292.34792884951014,-0.16035457322148472,5.517590056885653,-5.677944630107137,-5.677944630107137,0.0,0.0770468431939042
7,289,1.0,270.66930173308276,-0.08075635681024108,5.520141430102994,-5.600897786913233,-5.600897786913235,1.7763568394002505e-15,-0.0005319055531547434
7,290,1.0,270.81331053388817,-0.08179383042265845,5.519635862043729,-5.601429692466388,-5.601429692466388,0.0,-0.1315702335251121
7,291,1.0,308.89454057033,-0.22409073723320846,5.508909188758292,-5.7329999259915,-5.7329999259915,0.0,-0.04945845823953032
7,292,1.0,324.55609405192934,-0.27445307607123015,5.5080053081598,-5.78245838423103,-5.78245838423103,0.0,-0.10957735741626262
7,293,1.0,362.1417615455163,-0.394405644110641,5.497630097536652,-5.892035741647293,-5.892035741647293,0.0,0.10712158980369946
7,294,1.0,325.3541078633436,-0.27938412020474335,5.505530031638849,-5.784914151843593,-5.7849141518435925,8.881784197001252e-16,-0.028339954939784917
7,295,1.0,334.7065262336986,-0.31077441876627354,5.502479688017105,-5.813254106783378,-5.813254106783378,0.0,-0.0010804463222653382
7,296,1.0,335.0683541016019,-0.31344087804246323,5.500893675063181,-5.814334553105644,-5.8143345531056445,8.881784197001252e-16,0.10719447325123177
7,297,1.0,301.0089744805532,-0.19842208091721864,5.508717998937192,-5.707140079854412,-5.707140079854411,8.881784197001252e-16,0.04684026478105441
7,298,1.0,287.2347469544401,-0.151335106911171,5.508964708162187,-5.660299815073357,-5.660299815073358,8.881784197001252e-16,0.03837319394063865
7,299,1.0,276.4214299124276,-0.11843323151676585,5.503493389615953,-5.621926621132719,-5.621926621132719,0.0,-0.01051319569810083
7,300,1.0,279.3428322295433,-0.1365698114598547,5.495870005370965,-5.63243981683082,-5.63243981683082,0.0,-0.03762236431782995
7,301,1.0,290.05256963295153,-0.16863922865475645,5.501422952493895,-5.67006218114865,-5.670062181148651,1.7763568394002505e-15,0.036440103264686385
7,302,1.0,279.67328368201373,-0.12438904895801901,5.509233028925944,-5.633622077883963,-5.633622077883963,0.0,0.09888422251575957
7,303,1.0,253.3413668522111,-0.02329830715355935,5.5114395482146445,-5.534737855368204,-5.534737855368204,0.0,-0.0915427052590525
7,304,1.0,277.62757593126616,-0.11411343498679963,5.512167125640456,-5.626280560627256,-5.626280560627256,0.0,0.051169807166014714
7,305,1.0,263.7787684308057,-0.06061825478687044,5.51449249867437,-5.575110753461241,-5.5751107534612405,8.881784197001252e-16,0.09458301112747236
7,306,1.0,239.97331804131767,0.03301498913155005,5.51354273146532,-5.480527742333769,-5.48052774233377,8.881784197001252e-16,-0.04720452711358547
7,307,1.0,251.57276442088644,-0.014791179797829207,5.512941089649525,-5.5277322694473545,-5.527732269447354,8.881784197001252e-16,-0.014826115040388999
7,308,1.0,255.330397888904,-0.03789653361756775,5.504661850870175,-5.5425583844877435,-5.542558384487743,8.881784197001252e-16,-0.0077991374695765
7,309,1.0,257.3295404225208,-0.05109981090518988,5.49925771105213,-5.55035752195732,-5.55035752195732,0.0,0.007849216389995917
7,310,1.0,255.31761153839338,-0.03956126001114,5.5029470455561835,-5.542508305567324,-5.542508305567323,8.881784197001252e-16,0.0010724196798870267
7,311,1.0,255.0439506730346,-0.03878766384450372,5.502648222042934,-5.541435885887437,-5.541435885887438,8.881784197001252e-16,-0.0039776847727752696
7,312,1.0,256.06045543952155,-0.046278797147949774,5.499134773512262,-5.545413570660212,-5.5454135706602115,8.881784197001252e-16,0.0043184428908409345
7,313,1.0,254.95705718205116,-0.0413263360996111,5.49976879166976,-5.541095127769371,-5.541095127769371,0.0,-0.04979244896927515
7,314,1.0,267.97336111307266,-0.09361493932334476,5.4972726374153025,-5.590887576738647,-5.5908875767386474,8.881784197001252e-16,-0.039306996703643016
7,315,1.0,278.7163431557558,-0.14375720491188274,5.486437368530406,-5.63019457344229,-5.630194573442289,8.881784197001252e-16,0.011399705341555766
7,316,1.0,275.55710040091424,-0.1386982992557478,5.480096568844985,-5.618794868100734,-5.618794868100733,8.881784197001252e-16,0.05285489020913303
7,317,1.0,261.3707710240375,-0.07018045838190046,5.495759519509699,-5.565939977891601,-5.565939977891599,1.7763568394002505e-15,-0.07125681273858131
7,318,1.0,280.6748243775925,-0.1409597723260638,5.496237018304117,-5.637196790630182,-5.637196790630181,8.881784197001252e-16,0.03726953337014294
7,319,1.0,270.4067365837828,-0.09593380741190088,5.503993449848139,-5.599927257260039,-5.599927257260039,0.0,0.023205556160033503
7,320,1.0,264.20404467187234,-0.07281281044933763,5.503908890650669,-5.576721701100006,-5.5767217011000065,8.881784197001252e-16,0.08372441047760759
7,321,1.0,242.98441138952066,0.016286468474806873,5.509283759097205,-5.492997290622398,-5.492997290622398,0.0,0.03001479899391768
7,322,1.0,235.7996471315085,0.04927557584961212,5.5122580674780925,-5.46298249162848,-5.46298249162848,0.0,-0.028753235842227554
7,323,1.0,242.67806448828793,0.017010249623009226,5.508745977093717,-5.491735727470708,-5.491735727470708,0.0,-0.1074223453300851
7,324,1.0,270.198823896182,-0.08836866061777153,5.510789412183022,-5.599158072800793,-5.599158072800793,0.0,-0.017446116853915505
7,325,1.0,274.95410412703865,-0.10655812711380722,5.5100460625409005,-5.6166041896547085,-5.616604189654708,8.881784197001252e-16,-0.021043880353590616
7,326,1.0,280.80151572223616,-0.12732171403095238,5.510326355977346,-5.637648070008299,-5.637648070008298,8.881784197001252e-16,-0.04846786841034323
7,327,1.0,294.7465806254266,-0.17618873797649987,5.509927200442142,-5.686115938418642,-5.686115938418642,0.0,0.025699140581449953
7,328,1.0,287.26835043448375,-0.1488738045337665,5.511542993303426,-5.660416797837192,-5.660416797837192,0.0,0.027086161457715363
7,329,1.0,279.5917871557647,-0.12060540464003681,5.51272523173944,-5.633330636379477,-5.633330636379476,8.881784197001252e-16,0.022932988515649733
7,330,1.0,273.25287482568456,-0.09961571593562848,5.510781931928198,-5.610397647863827,-5.610397647863826,8.881784197001252e-16,0.04955566829214586
7,331,1.0,260.04169396729435,-0.048119344572674555,5.512722634999006,-5.5608419795716815,-5.560841979571681,8.881784197001252e-16,0.001214201819917271
7,332,1.0,259.726142479588,-0.04588575023204154,5.513742027519722,-5.559627777751764,-5.559627777751763,8.881784197001252e-16,-0.0035470906559185167
7,333,1.0,260.64905050423295,-0.05134748039429137,5.5118273880133914,-5.563174868407683,-5.563174868407683,0.0,-0.029057838212861675
7,334,1.0,268.33406262946534,-0.08349774408612622,5.508734962534417,-5.592232706620544,-5.5922327066205435,8.881784197001252e-16,-0.04156728890189676
7,335,1.0,279.7230469189392,-0.12378421508125029,5.51001578044119,-5.633799995522441,-5.63379999552244,8.881784197001252e-16,-0.003499451805185849
7,336,1.0,280.70363900710095,-0.12937511758298978,5.507924329744636,-5.637299447327627,-5.637299447327626,8.881784197001252e-16,-0.07568987156162255
7,337,1.0,302.77480727836496,-0.21080813458828765,5.502181184300961,-5.7129893188892495,-5.712989318889249,8.881784197001252e-16,-0.05420211403462183
7,338,1.0,319.6387439507525,-0.26937711878223064,5.497814314141642,-5.767191432923871,-5.767191432923872,8.881784197001252e-16,-0.033974933478716274
7,339,1.0,330.68503497800083,-0.3110088316688122,5.490157534733775,-5.801166366402588,-5.801166366402588,0.0,-0.05429435904654056
7,340,1.0,349.1357187153277,-0.3698212561756515,5.485639469273478,-5.855460725449128,-5.855460725449129,8.881784197001252e-16,0.03277664793686963
7,341,1.0,337.87772764738435,-0.3328982972737029,5.489785780238556,-5.822684077512259,-5.822684077512259,0.0,0.15971845631811465
7,342,1.0,288.0014806285669,-0.16124129468035872,5.501724326513784,-5.662965621194144,-5.662965621194143,8.881784197001252e-16,-0.07522765186020397
7,343,1.0,310.50290992052834,-0.24165624340606093,5.496537029648287,-5.738193273054348,-5.738193273054348,0.0,0.03442502695437888
7,344,1.0,299.99573146349803,-0.20255715908262786,5.501211087017342,-5.703768246099969,-5.70376824609997,8.881784197001252e-16,0.07285833840872424
7,345,1.0,278.91578982877195,-0.12843580599490242,5.502474101696342,-5.630909907691245,-5.630909907691245,0.0,0.07921765490110921
7,346,1.0,257.6732354134433,-0.04352616573485484,5.5081660870552795,-5.551692252790136,-5.551692252790135,8.881784197001252e-16,0.07458830717574028
7,347,1.0,239.15310310810867,0.03206025088598223,5.509164196500377,-5.477103945614395,-5.477103945614394,8.881784197001252e-16,-0.026337405184334806
7,348,1.0,245.53545363475405,0.0022991251638644003,5.505740475962595,-5.50344135079873,-5.503441350798731,8.881784197001252e-16,0.05180548265216789
7,349,1.0,233.13923918495914,0.054643380585408644,5.506279248731971,-5.451635868146562,-5.451635868146562,0.0,0.047816591069488545
7,350,1.0,222.2536455262081,0.10373226252312195,5.507551539600195,-5.403819277077074,-5.403819277077073,8.881784197001252e-16,0.02311660899987711
7,351,1.0,217.17482363903258,0.12677987076546587,5.5074825388426625,-5.3807026680771965,-5.3807026680771965,0.0,0.06578661157293642
7,352,1.0,203.34744271719137,0.19005250504683419,5.504968561551094,-5.31491605650426,-5.31491605650426,0.0,0.00047124823770428037
7,353,1.0,203.25163816880445,0.19034100786482272,5.5047858161313785,-5.314444808266556,-5.314444808266556,0.0,-0.0022218531732089986
7,354,1.0,203.70373552701818,0.1862835663947713,5.5029502278345355,-5.316666661439765,-5.316666661439764,8.881784197001252e-16,-0.057867595373713776
7,355,1.0,215.8393232032356,0.13189449166312459,5.506428748476604,-5.374534256813479,-5.3745342568134795,8.881784197001252e-16,0.06854824300141704
7,356,1.0,201.53962532938735,0.19936012467421327,5.505346138486274,-5.305986013812062,-5.305986013812061,8.881784197001252e-16,-0.0016771790395138098
7,357,1.0,201.87792698153973,0.19563550115474784,5.5032986940063235,-5.307663192851575,-5.307663192851575,0.0,-0.06455883545585284
7,358,1.0,215.34082990470134,0.13404957576188137,5.50627160406931,-5.372222028307428,-5.372222028307428,0.0,0.0037799974953385274
7,359,1.0,214.5283786063381,0.13893195119135304,5.507373982003443,-5.36844203081209,-5.368442030812091,8.881784197001252e-16,0.06682346367391645
7,360,1.0,200.6613311107592,0.20431619928631575,5.505934766424489,-5.301618567138173,-5.301618567138173,0.0,0.0008356390254169455
7,361,1.0,200.49372071223937,0.2034175525917017,5.5042004807044576,-5.300782928112756,-5.300782928112756,0.0,0.0438217248260635
7,362,1.0,191.89746698911358,0.24593429978259515,5.502895503069288,-5.256961203286693,-5.256961203286693,0.0,-0.06406125001370366
7,363,1.0,204.5929618366331,0.18362851469121144,5.504650967991607,-5.3210224533003965,-5.321022453300396,8.881784197001252e-16,-0.025631940594791125
7,364,1.0,209.90486282402765,0.1531987964487444,5.499853190343931,-5.346654393895188,-5.346654393895187,8.881784197001252e-16,0.0414238393126416
7,365,1.0,201.38742785605064,0.19099979230957617,5.496230346892123,-5.305230554582546,-5.305230554582547,8.881784197001252e-16,-0.06130507379570549
7,366,1.0,214.1197907734017,0.13349138414328154,5.5000270125215325,-5.3665356283782515,-5.366535628378251,8.881784197001252e-16,-0.06863706936000025
7,367,1.0,229.332450051513,0.06471051801361798,5.499883215751869,-5.435172697738252,-5.435172697738252,0.0,0.06830574321367511
7,368,1.0,214.19074601254462,0.13308361427462162,5.499950568799199,-5.366866954524577,-5.3668669545245775,8.881784197001252e-16,-0.04836158961004067
7,369,1.0,224.80391742480296,0.0830955922712883,5.498324136405906,-5.415228544134617,-5.415228544134618,8.881784197001252e-16,0.07961506082460534
7,370,1.0,207.60006892700608,0.15569319665668807,5.4913066799667,-5.335613483310012,-5.335613483310012,0.0,-0.01979171427545179
7,371,1.0,211.7497594634229,0.13756474408030586,5.49296994166577,-5.355405197585464,-5.355405197585464,0.0,0.11404718476983433
7,372,1.0,188.92649287402696,0.25012198107807937,5.491479993893709,-5.241358012815629,-5.241358012815629,0.0,-0.024739181498538265
7,373,1.0,193.6586734588707,0.2261131193631844,5.492210313677353,-5.266097194314168,-5.266097194314169,8.881784197001252e-16,0.057780989417938855
7,374,1.0,182.78602472040626,0.27811624524341444,5.4864324501396435,-5.208316204896229,-5.208316204896229,0.0,0.030732037081440566
7,375,1.0,177.25407722274494,0.2975470435777713,5.47513121139256,-5.177584167814788,-5.177584167814788,0.0,-0.06728262486739478
7,376,1.0,189.59055869757205,0.24048575263689964,5.485352545319083,-5.244866792682183,-5.244866792682183,0.0,-0.06820349627233391
7,377,1.0,202.97245678099733,0.17039271344404133,5.483463002398559,-5.313070288954517,-5.313070288954518,8.881784197001252e-16,0.0017602505205172037
7,378,1.0,202.6154886771147,0.17174790043055116,5.483057938864551,-5.311310038434,-5.311310038434,0.0,0.11321592058309982
7,379,1.0,180.92708736162484,0.2847183374274028,5.482812455278303,-5.1980941178509,-5.1980941178509,0.0,0.02341362028641303
7,380,1.0,176.74013635047837,0.3073680956412681,5.482048593205755,-5.174680497564487,-5.174680497564488,8.881784197001252e-16,0.09528430945331756
7,381,1.0,160.67700794453384,0.39063584776201143,5.47003203587318,-5.079396188111169,-5.079396188111168,8.881784197001252e-16,-0.032705663446999544
7,382,1.0,166.0189355713752,0.3626635725813827,5.474765424139552,-5.112101851558169,-5.112101851558169,0.0,0.007905242380571664
7,383,1.0,164.71168950222102,0.35740043737809846,5.4615970465556964,-5.104196609177597,-5.104196609177598,8.881784197001252e-16,0.021956954281733942
7,384,1.0,161.13453785697035,0.37809642284437484,5.460336077740238,-5.082239654895863,-5.082239654895863,0.0,0.005917869816326693
7,385,1.0,160.18378064244877,0.38587937793282645,5.462201163012363,-5.076321785079537,-5.076321785079537,0.0,-0.03156254481582188
7,386,1.0,165.3202215705805,0.36125577150597693,5.469140101401335,-5.1078843298953585,-5.107884329895358,8.881784197001252e-16,0.014197190399094062
7,387,1.0,162.98972133048545,0.38079366612153176,5.474480805617796,-5.093687139496264,-5.093687139496264,0.0,0.03719122953687748
7,388,1.0,157.03927133470566,0.41258061554473524,5.469076525504123,-5.056495909959387,-5.056495909959388,8.881784197001252e-16,0.002317598908818219
7,389,1.0,156.6757387149393,0.4142981384968667,5.468476449547435,-5.054178311050569,-5.054178311050568,8.881784197001252e-16,0.0018930075888352604
7,390,1.0,156.37943089752335,0.4172804916875165,5.469565795149249,-5.052285303461733,-5.0522853034617325,8.881784197001252e-16,-0.029870555528656695
7,391,1.0,161.12103600817534,0.3950213206004332,5.477177179590822,-5.08215585899039,-5.082155858990389,8.881784197001252e-16,0.0051317807246382685
7,392,1.0,160.29631613196455,0.40235383368016403,5.4793779119459165,-5.077024078265752,-5.077024078265753,8.881784197001252e-16,-0.07763942371454036
7,393,1.0,173.23750287320829,0.33190407412073,5.486567576101022,-5.154663501980292,-5.154663501980292,0.0,-0.03548533979708424
7,394,1.0,179.49526733829455,0.29786537193058693,5.488014213707963,-5.1901488417773765,-5.1901488417773765,0.0,0.014152723360524533
7,395,1.0,176.9728123824699,0.30373978500479215,5.479735903421643,-5.175996118416852,-5.175996118416851,8.881784197001252e-16,-0.03994020422504807
7,396,1.0,184.18419610077808,0.26527049498840466,5.481206817630305,-5.2159363226419,-5.2159363226419,0.0,-0.05455785392316237
7,397,1.0,194.51206200102587,0.21727639086741082,5.487770567432473,-5.270494176565062,-5.270494176565062,0.0,0.018192897025512522
7,398,1.0,191.00531970922827,0.23180448270452542,5.484105762244075,-5.25230127953955,-5.25230127953955,0.0,-0.0008727113115902796
7,399,1.0,191.1720849706931,0.22849317567874658,5.481667166529887,-5.25317399085114,-5.25317399085114,0.0,0.022846101580436873
7,400,1.0,186.8540609185599,0.24732918543470603,5.477657074705409,-5.230327889270703,-5.230327889270702,8.881784197001252e-16,-0.0007258696225722616
7,401,1.0,186.98974184260825,0.24572687991960895,5.476780638812885,-5.2310537588932755,-5.231053758893276,8.881784197001252e-16,0.04081197385119495
7,402,1.0,179.51195098974443,0.2842239900919357,5.474465775134018,-5.190241785042081,-5.190241785042082,1.7763568394002505e-15,0.0435140990850833
7,403,1.0,171.8681625250345,0.32688604149613054,5.473613727453127,-5.146727685956997,-5.146727685956996,8.881784197001252e-16,-0.09712658082587744
7,404,1.0,189.39869049877876,0.23659024458184724,5.4804445113647215,-5.243854266782875,-5.243854266782875,0.0,-0.03690804407598769
7,405,1.0,196.51962731165304,0.20320829953849912,5.4839706103973604,-5.280762310858862,-5.2807623108588615,8.881784197001252e-16,0.002401826543435348
7,406,1.0,196.04818763926497,0.20760517423776598,5.485965658553193,-5.278360484315427,-5.278360484315427,0.0,-0.04492458002021582
7,407,1.0,205.05640022251055,0.1639280865399353,5.4872131508755775,-5.323285064335643,-5.323285064335642,8.881784197001252e-16,-0.05866318411703464
7,408,1.0,217.44550087753848,0.11123889922048416,5.4931871476731615,-5.3819482484526775,-5.3819482484526775,0.0,0.04321764240772641
7,409,1.0,208.24819343866932,0.15155048023732753,5.490281086282279,-5.338730606044951,-5.338730606044951,0.0,-0.041067495929725695
7,410,1.0,216.9784634790096,0.11235062899087492,5.492148730965553,-5.379798101974677,-5.379798101974679,1.7763568394002505e-15,0.0030294226673426294
7,411,1.0,216.32213864802742,0.11814776958154505,5.49491644888888,-5.376768679307334,-5.376768679307335,8.881784197001252e-16,-0.0017442743481961287
7,412,1.0,216.69979307613292,0.11632860994182499,5.494841563597355,-5.37851295365553,-5.378512953655529,8.881784197001252e-16,-0.10788795791549433
7,413,1.0,241.38686889904326,0.01185680978098369,5.498257721352009,-5.486400911571025,-5.4864009115710255,8.881784197001252e-16,0.06998315796695653
7,414,1.0,225.07141539620932,0.08025122047974226,5.496668974083811,-5.416417753604068,-5.416417753604068,0.0,-0.1402120583319464
7,415,1.0,258.94865840064557,-0.06496303404629258,5.491666777889721,-5.5566298119360145,-5.556629811936014,8.881784197001252e-16,-0.01985480866067757
7,416,1.0,264.14141446847736,-0.08386916360150706,5.492615456995185,-5.576484620596692,-5.576484620596692,0.0,-0.005398176043039271
7,417,1.0,265.57115183913334,-0.09466666767432155,5.487216128965411,-5.581882796639731,-5.581882796639732,8.881784197001252e-16,0.07272218988441814
7,418,1.0,246.94375712578625,-0.01895613763355901,5.490204469121753,-5.509160606755313,-5.509160606755312,8.881784197001252e-16,-0.00016212833392970083
7,419,1.0,246.9837969514109,-0.02025755314894629,5.489065181940296,-5.509322735089243,-5.509322735089242,8.881784197001252e-16,0.001678283236335787
7,420,1.0,246.5696358223925,-0.015909857651350515,5.4917345942015565,-5.507644451852907,-5.507644451852907,0.0,0.013476496737767185
7,421,1.0,243.26903117685882,-0.010960809431184555,5.483207145683956,-5.49416795511514,-5.49416795511514,0.0,0.05979537484352715
7,422,1.0,229.14903054092196,0.04350615654000149,5.477878736811613,-5.434372580271613,-5.434372580271612,8.881784197001252e-16,0.044557273871014935
7,423,1.0,219.16290383014808,0.08888487866662202,5.478700185067219,-5.389815306400598,-5.389815306400597,8.881784197001252e-16,0.053664495752436814
7,424,1.0,207.71164809402586,0.14503052942770672,5.481181340075867,-5.336150810648161,-5.336150810648161,0.0,-0.006192062902242057
7,425,1.0,209.00180191915646,0.13578208785384624,5.47812496140425,-5.342342873550403,-5.342342873550404,8.881784197001252e-16,0.0031526154568330966
7,426,1.0,208.3439371501153,0.14032277270260496,5.479513030796174,-5.33919025809357,-5.339190258093569,8.881784197001252e-16,0.01561541839926317
7,427,1.0,205.11582912453122,0.15123045659063425,5.474805296284941,-5.323574839694307,-5.323574839694307,0.0,0.06385139806032747
7,428,1.0,192.42826629077294,0.22397111161269703,5.483694553246675,-5.259723441633979,-5.2597234416339775,1.7763568394002505e-15,0.004735733819765997
7,429,1.0,191.51913165115994,0.22839994254875517,5.4833876503629675,-5.254987707814213,-5.254987707814212,8.881784197001252e-16,-0.06269926423162087
7,430,1.0,203.9116826761733,0.16706045261640476,5.48474742466224,-5.317686972045834,-5.317686972045835,8.881784197001252e-16,-0.008984267812568447
7,431,1.0,205.7519341210674,0.15193670563395584,5.478607945492358,-5.326671239858403,-5.326671239858403,0.0,-0.03526418439112611
7,432,1.0,213.1370581462275,0.11961837511767595,5.481553799367205,-5.361935424249529,-5.36193542424953,8.881784197001252e-16,0.06003936227781992
7,433,1.0,200.71702131994806,0.17681307236907134,5.4787091343407806,-5.301896061971709,-5.301896061971709,0.0,-0.12642732582186866
7,434,1.0,227.7670481021182,0.052998498439571884,5.481321886233149,-5.4283233877935775,-5.4283233877935775,0.0,0.021442461590391204
7,435,1.0,222.93515093868206,0.07175933671707371,5.47864026292026,-5.406880926203186,-5.406880926203186,0.0,0.04712808900620047
7,436,1.0,212.67237525260106,0.11867919690338713,5.478432034100373,-5.359752837196986,-5.359752837196986,0.0,-0.029643884980901092
7,437,1.0,219.0711848937903,0.0949690159905053,5.484365738168393,-5.389396722177887,-5.389396722177887,0.0,-0.0399149020739511
7,438,1.0,227.9922470596256,0.05631975796247292,5.4856313822143115,-5.429311624251838,-5.429311624251839,8.881784197001252e-16,0.02221351980323316
7,439,1.0,222.983572861509,0.08018502536151385,5.487283129810118,-5.407098104448605,-5.407098104448604,8.881784197001252e-16,-0.021686158064700756
7,440,1.0,227.8720443697798,0.05726424448741082,5.486048507000716,-5.428784262513306,-5.428784262513306,0.0,0.041728199602546034
7,441,1.0,218.5590135378589,0.09651910160135511,5.483575164512114,-5.38705606291076,-5.38705606291076,0.0,0.13128604503367036
7,442,1.0,191.66901761608906,0.2241405581402249,5.479910576017315,-5.255770017877089,-5.25577001787709,8.881784197001252e-16,-0.03696722199907132
7,443,1.0,198.88708266329797,0.1908565165328944,5.483593756409055,-5.2927372398761605,-5.2927372398761605,0.0,0.0183127664146836
7,444,1.0,195.2780564614078,0.20498984788844055,5.479414321349918,-5.274424473461477,-5.274424473461477,0.0,-0.03446319557723232
7,445,1.0,202.12527309964764,0.17556825488414843,5.484455923922858,-5.308887669038709,-5.308887669038709,0.0,-0.1294954938710804
7,446,1.0,230.06989703562527,0.04837417287837106,5.486757335788161,-5.43838316290979,-5.43838316290979,0.0,-0.021902060511944654
7,447,1.0,235.16448922083606,0.026101412989684478,5.486386636411419,-5.460285223421734,-5.460285223421734,0.0,0.02070318270682403
7,448,1.0,230.3458881355528,0.044971899355980255,5.4845539400708905,-5.43958204071491,-5.43958204071491,0.0,0.040964795345014515
7,449,1.0,221.10047702520063,0.08574538104335916,5.484362626413255,-5.398617245369896,-5.398617245369896,0.0,-0.0051862582311441585
7,450,1.0,222.25013984130555,0.07799420001043668,5.481797703611476,-5.40380350360104,-5.403803503601039,8.881784197001252e-16,7.012331361799795e-05
7,451,1.0,222.23455547146793,0.07684143726562882,5.480574817553052,-5.403733380287422,-5.403733380287423,8.881784197001252e-16,-0.04173880797185614
7,452,1.0,231.7066630512172,0.03150997157974848,5.476982159839027,-5.445472188259278,-5.445472188259278,0.0,0.004134550677824755
7,453,1.0,230.75063783968355,0.03808756910682294,5.479425206688276,-5.441337637581453,-5.441337637581453,0.0,0.06517602286931723
7,454,1.0,216.19085698875213,0.10210463103607459,5.478266245748211,-5.376161614712136,-5.376161614712136,0.0,-0.00331447317857414
7,455,1.0,216.90860460622602,0.0962618526498972,5.475737940540608,-5.37947608789071,-5.37947608789071,0.0,-0.0894289347265591
7,456,1.0,237.20032152332323,0.005816156519100668,5.47472117913637,-5.468905022617269,-5.468905022617269,0.0,0.08101489560054453
7,457,1.0,218.74138180892834,0.08405046208932257,5.4719405891060475,-5.387890127016725,-5.387890127016725,0.0,-0.017650870114407802
7,458,1.0,222.63663368939046,0.06745684208386331,5.472997839214996,-5.405540997131133,-5.405540997131133,0.0,0.08946550513895613
7,459,1.0,203.58334769052652,0.15899253705100283,5.475068029043179,-5.316075491992176,-5.3160754919921756,8.881784197001252e-16,0.09254619181328394
7,460,1.0,185.58802544215706,0.2500529210638221,5.473582221242714,-5.2235293001788925,-5.2235293001788925,0.0,0.023778509266136005
7,461,1.0,181.22707281371495,0.27324448140092666,5.472995272313683,-5.1997507909127565,-5.1997507909127565,0.0,-0.014398146604759354
7,462,1.0,183.85528204413333,0.2609932851107639,5.47514222262828,-5.214148937517516,-5.214148937517516,0.0,-0.01707566428939078
7,463,1.0,187.02169044394208,0.2460449232118213,5.477269525018727,-5.231224601806907,-5.231224601806906,8.881784197001252e-16,-0.01671948601994977
7,464,1.0,190.1748834120142,0.22897419602113384,5.47691828384799,-5.247944087826856,-5.247944087826856,0.0,0.05498576225003937
7,465,1.0,180.0002654437849,0.27854732152540385,5.471505647102221,-5.192958325576817,-5.192958325576817,0.0,0.05899501669579621
7,466,1.0,169.68831429031374,0.3336858710096426,5.467649179890663,-5.133963308881021,-5.133963308881021,0.0,-0.036543628392245786
7,467,1.0,176.004037879699,0.30021917440494944,5.470726111678216,-5.170506937273267,-5.170506937273267,0.0,0.019639397712801987
7,468,1.0,172.581146363058,0.31780062450079594,5.46866816406126,-5.150867539560465,-5.150867539560464,8.881784197001252e-16,-0.006134138601355588
7,469,1.0,173.64303659606287,0.3069036200481464,5.463905298209966,-5.15700167816182,-5.157001678161819,8.881784197001252e-16,-0.05306879315361446
7,470,1.0,183.10696152749946,0.25879702082885303,5.468867492144288,-5.210070471315435,-5.2100704713154355,8.881784197001252e-16,0.025085528297430493
7,471,1.0,178.57076103284962,0.28313323972374843,5.468118182741753,-5.184984943018004,-5.184984943018004,0.0,0.02137787236881028
7,472,1.0,174.79381348785117,0.3042613921765034,5.467868462825697,-5.163607070649194,-5.163607070649194,0.0,-0.07516506263531131
7,473,1.0,188.43858283338915,0.23420499527410338,5.472977128558609,-5.238772133284505,-5.238772133284506,8.881784197001252e-16,-0.020373067080929452
7,474,1.0,192.31702849021207,0.21368369402372334,5.472828894389159,-5.259145200365435,-5.2591452003654355,8.881784197001252e-16,0.09870837031692226
7,475,1.0,174.2405524921953,0.3064600247401107,5.466896854788623,-5.160436830048512,-5.160436830048512,0.0,0.020556468074008905
7,476,1.0,170.69534544558036,0.3263564351225608,5.466236797097064,-5.1398803619745035,-5.1398803619745035,0.0,-0.0577988298349803
7,477,1.0,180.85203157385823,0.27152528278565635,5.4692044745951405,-5.197679191809484,-5.197679191809484,0.0,0.016663780725695077
7,478,1.0,177.86332372084806,0.285351056882636,5.4663664679664254,-5.181015411083789,-5.18101541108379,8.881784197001252e-16,0.0643203162425019
7,479,1.0,166.78325494067045,0.34512527175560215,5.461820366596888,-5.116695094841287,-5.116695094841286,8.881784197001252e-16,-0.0013459065090293265
7,480,1.0,167.00788073784508,0.3435549152552113,5.461595916605528,-5.118041001350316,-5.118041001350317,8.881784197001252e-16,0.018541560796771606
7,481,1.0,163.93982512999384,0.3608456952047315,5.460345135758276,-5.0994994405535445,-5.0994994405535445,0.0,0.03461984146597885
7,482,1.0,158.36137407186956,0.3909754772548507,5.455855076342416,-5.064879599087566,-5.064879599087565,8.881784197001252e-16,-0.03254063166579968
7,483,1.0,163.59931395869836,0.3628206970522324,5.460240927805598,-5.097420230753365,-5.097420230753366,8.881784197001252e-16,0.05711042403373323
7,484,1.0,154.51787828832488,0.4121871402552305,5.452496946974861,-5.040309806719632,-5.04030980671963,1.7763568394002505e-15,0.019714010241432156
7,485,1.0,151.50154099444669,0.428046584587689,5.448642381065889,-5.0205957964782,-5.0205957964782,0.0,-0.03285837738096742
7,486,1.0,156.56232505402636,0.39843160824373075,5.451885782102899,-5.053454173859167,-5.053454173859168,8.881784197001252e-16,-0.0313070421659436
7,487,1.0,161.5413611435451,0.36940829656110064,5.454169512586212,-5.084761216025111,-5.084761216025111,0.0,-0.03911272540916233
7,488,1.0,167.98487430216426,0.33217180465767376,5.456045746091949,-5.123873941434273,-5.123873941434275,1.7763568394002505e-15,0.02650055028207632
7,489,1.0,163.5916512115425,0.35951118756154055,5.456884578713735,-5.097373391152197,-5.097373391152194,2.6645352591003757e-15,-0.018462724366623995
7,490,1.0,166.64005308586405,0.33832894191999974,5.454165057438821,-5.115836115518821,-5.115836115518822,8.881784197001252e-16,0.07345025473844835
7,491,1.0,154.83899897361783,0.40133751167422604,5.443723372454598,-5.042385860780373,-5.042385860780372,8.881784197001252e-16,-0.0040321506590697
7,492,1.0,155.46459354356915,0.39492999648862825,5.44134800792807,-5.046418011439442,-5.046418011439442,0.0,0.042987529276862446
7,493,1.0,148.92316207546918,0.43718656855870663,5.440617050721286,-5.00343048216258,-5.00343048216258,0.0,-0.06785860616512718
7,494,1.0,159.3796494214603,0.37906797264077086,5.450357060968479,-5.071289088327707,-5.071289088327708,8.881784197001252e-16,0.017990698642238456
7,495,1.0,156.53793702126953,0.39652000917309216,5.44981839885856,-5.053298389685469,-5.053298389685468,8.881784197001252e-16,-0.03464231137016238
7,496,1.0,162.0557968700822,0.3657510071515822,5.453691708207214,-5.087940701055631,-5.087940701055632,8.881784197001252e-16,-0.0022998907995033235
7,497,1.0,162.42893643195578,0.3588981987448563,5.44913879059999,-5.090240591855134,-5.090240591855134,0.0,0.054314859351806355
7,498,1.0,153.84194319958854,0.41060165760349043,5.446527390106818,-5.035925732503328,-5.035925732503327,8.881784197001252e-16,-0.03319516941350553
7,499,1.0,159.03445898525064,0.3787580251158188,5.447878927032652,-5.0691209019168335,-5.069120901916833,8.881784197001252e-16,-0.020374985028572823
7,500,1.0,162.30801983469297,0.35653988466483655,5.4460357716102425,-5.089495886945406,-5.089495886945406,0.0,
